id_filial|ds_filial|id_cidade
6|Filial - 000006|22
9|Filial - 000009|22
88|Filial - 000088|22
98|Filial - 000098|22
118|Filial - 000118|22
146|Filial - 000146|22
223|Filial - 000223|22
268|Filial - 000268|22
353|Filial - 000353|22
363|Filial - 000363|22
372|Filial - 000372|22
373|Filial - 000373|22
417|Filial - 000417|22
464|Filial - 000464|22
470|Filial - 000470|22
531|Filial - 000531|22
538|Filial - 000538|22
617|Filial - 000617|22
620|Filial - 000620|22
625|Filial - 000625|22
629|Filial - 000629|22
637|Filial - 000637|22
664|Filial - 000664|22
671|Filial - 000671|22
675|Filial - 000675|22
763|Filial - 000763|22
765|Filial - 000765|22
782|Filial - 000782|22
822|Filial - 000822|22
862|Filial - 000862|22
869|Filial - 000869|22
877|Filial - 000877|22
919|Filial - 000919|22
921|Filial - 000921|22
978|Filial - 000978|22
1112|Filial - 001112|22
1124|Filial - 001124|22
1136|Filial - 001136|22
1167|Filial - 001167|22
1210|Filial - 001210|22
1212|Filial - 001212|22
1221|Filial - 001221|22
1252|Filial - 001252|22
1278|Filial - 001278|22
1282|Filial - 001282|22
1320|Filial - 001320|22
1340|Filial - 001340|22
1346|Filial - 001346|22
1364|Filial - 001364|22
1384|Filial - 001384|22
1482|Filial - 001482|22
1531|Filial - 001531|22
1579|Filial - 001579|22
1580|Filial - 001580|22
1623|Filial - 001623|22
1657|Filial - 001657|22
1662|Filial - 001662|22
1704|Filial - 001704|22
1721|Filial - 001721|22
1727|Filial - 001727|22
466|Filial - 000466|163
748|Filial - 000748|163
482|Filial - 000482|168
1331|Filial - 001331|363
1365|Filial - 001365|363
1548|Filial - 001548|363
407|Filial - 000407|999
1118|Filial - 001118|999
1493|Filial - 001493|999
1561|Filial - 001561|2438
1127|Filial - 001127|443
1018|Filial - 001018|3000
1455|Filial - 001455|3000
1612|Filial - 001612|4249
77|Filial - 000077|1143
1625|Filial - 001625|1143
1537|Filial - 001537|5611
64|Filial - 000064|5641
71|Filial - 000071|5641
153|Filial - 000153|5641
214|Filial - 000214|5641
298|Filial - 000298|5641
575|Filial - 000575|5641
587|Filial - 000587|5641
1478|Filial - 001478|5641
1586|Filial - 001586|5641
1615|Filial - 001615|5641
100|Filial - 000100|26
122|Filial - 000122|26
134|Filial - 000134|26
135|Filial - 000135|26
333|Filial - 000333|26
522|Filial - 000522|26
604|Filial - 000604|26
740|Filial - 000740|26
855|Filial - 000855|26
930|Filial - 000930|26
1029|Filial - 001029|26
1052|Filial - 001052|26
1080|Filial - 001080|26
1205|Filial - 001205|26
1217|Filial - 001217|26
1225|Filial - 001225|26
1237|Filial - 001237|26
1245|Filial - 001245|26
1454|Filial - 001454|26
1483|Filial - 001483|26
1532|Filial - 001532|26
1505|Filial - 001505|463
1437|Filial - 001437|147
1145|Filial - 001145|1345
1504|Filial - 001504|1531
1676|Filial - 001676|5958
739|Filial - 000739|427
845|Filial - 000845|1351
1193|Filial - 001193|3648
245|Filial - 000245|4138
1486|Filial - 001486|4138
1632|Filial - 001632|4138
1501|Filial - 001501|6069
974|Filial - 000974|24
980|Filial - 000980|298
389|Filial - 000389|707
457|Filial - 000457|707
1512|Filial - 001512|707
60|Filial - 000060|4681
269|Filial - 000269|288
401|Filial - 000401|288
403|Filial - 000403|288
284|Filial - 000284|941
7|Filial - 000007|348
50|Filial - 000050|348
139|Filial - 000139|348
156|Filial - 000156|348
160|Filial - 000160|348
175|Filial - 000175|348
189|Filial - 000189|348
205|Filial - 000205|348
221|Filial - 000221|348
285|Filial - 000285|348
337|Filial - 000337|348
490|Filial - 000490|348
491|Filial - 000491|348
602|Filial - 000602|348
647|Filial - 000647|348
686|Filial - 000686|348
688|Filial - 000688|348
691|Filial - 000691|348
705|Filial - 000705|348
709|Filial - 000709|348
741|Filial - 000741|348
742|Filial - 000742|348
773|Filial - 000773|348
777|Filial - 000777|348
785|Filial - 000785|348
833|Filial - 000833|348
873|Filial - 000873|348
931|Filial - 000931|348
977|Filial - 000977|348
1042|Filial - 001042|348
1055|Filial - 001055|348
1065|Filial - 001065|348
1072|Filial - 001072|348
1094|Filial - 001094|348
1104|Filial - 001104|348
1135|Filial - 001135|348
1181|Filial - 001181|348
1204|Filial - 001204|348
1206|Filial - 001206|348
1232|Filial - 001232|348
1254|Filial - 001254|348
1283|Filial - 001283|348
1289|Filial - 001289|348
1295|Filial - 001295|348
1309|Filial - 001309|348
1328|Filial - 001328|348
1349|Filial - 001349|348
1426|Filial - 001426|348
1430|Filial - 001430|348
1436|Filial - 001436|348
1466|Filial - 001466|348
1497|Filial - 001497|348
1665|Filial - 001665|348
1666|Filial - 001666|348
511|Filial - 000511|395
696|Filial - 000696|395
844|Filial - 000844|395
1197|Filial - 001197|395
252|Filial - 000252|5104
1172|Filial - 001172|612
555|Filial - 000555|6998
524|Filial - 000524|180
424|Filial - 000424|3889
195|Filial - 000195|725
101|Filial - 000101|1499
325|Filial - 000325|351
755|Filial - 000755|351
800|Filial - 000800|351
831|Filial - 000831|351
863|Filial - 000863|351
976|Filial - 000976|351
1079|Filial - 001079|351
1251|Filial - 001251|351
1542|Filial - 001542|351
369|Filial - 000369|410
665|Filial - 000665|410
1366|Filial - 001366|410
1443|Filial - 001443|410
1280|Filial - 001280|699
89|Filial - 000089|3
94|Filial - 000094|3
96|Filial - 000096|3
99|Filial - 000099|3
257|Filial - 000257|3
331|Filial - 000331|3
914|Filial - 000914|3
1389|Filial - 001389|3
32|Filial - 000032|107
115|Filial - 000115|107
124|Filial - 000124|107
162|Filial - 000162|107
314|Filial - 000314|107
378|Filial - 000378|107
409|Filial - 000409|107
548|Filial - 000548|107
549|Filial - 000549|107
618|Filial - 000618|107
779|Filial - 000779|107
934|Filial - 000934|107
1045|Filial - 001045|107
1046|Filial - 001046|107
1060|Filial - 001060|107
1116|Filial - 001116|107
1161|Filial - 001161|107
1175|Filial - 001175|107
1196|Filial - 001196|107
1211|Filial - 001211|107
1250|Filial - 001250|107
1273|Filial - 001273|107
1275|Filial - 001275|107
1344|Filial - 001344|107
1701|Filial - 001701|107
31|Filial - 000031|3232
1111|Filial - 001111|1416
12|Filial - 000012|5
273|Filial - 000273|5
539|Filial - 000539|5
1059|Filial - 001059|5
250|Filial - 000250|1207
296|Filial - 000296|2705
562|Filial - 000562|2705
866|Filial - 000866|2705
1290|Filial - 001290|2705
586|Filial - 000586|6321
1256|Filial - 001256|7022
1260|Filial - 001260|153
1239|Filial - 001239|268
1529|Filial - 001529|915
728|Filial - 000728|376
788|Filial - 000788|376
794|Filial - 000794|376
802|Filial - 000802|376
1336|Filial - 001336|376
1385|Filial - 001385|376
1567|Filial - 001567|376
1620|Filial - 001620|376
826|Filial - 000826|700
514|Filial - 000514|1294
796|Filial - 000796|1294
1560|Filial - 001560|1294
594|Filial - 000594|4901
676|Filial - 000676|342
722|Filial - 000722|342
827|Filial - 000827|342
932|Filial - 000932|342
1606|Filial - 001606|1136
508|Filial - 000508|1497
912|Filial - 000912|1696
158|Filial - 000158|2060
1401|Filial - 001401|2060
301|Filial - 000301|2942
1198|Filial - 001198|2942
1231|Filial - 001231|710
513|Filial - 000513|1339
1070|Filial - 001070|1339
1316|Filial - 001316|1339
1689|Filial - 001689|364
312|Filial - 000312|825
459|Filial - 000459|825
558|Filial - 000558|825
654|Filial - 000654|825
658|Filial - 000658|825
768|Filial - 000768|825
809|Filial - 000809|825
942|Filial - 000942|825
1621|Filial - 001621|825
222|Filial - 000222|4668
1578|Filial - 001578|4668
638|Filial - 000638|331
717|Filial - 000717|331
66|Filial - 000066|1104
239|Filial - 000239|1104
455|Filial - 000455|1104
591|Filial - 000591|5867
472|Filial - 000472|467
288|Filial - 000288|935
886|Filial - 000886|1415
887|Filial - 000887|5603
570|Filial - 000570|7229
783|Filial - 000783|679
1218|Filial - 001218|679
471|Filial - 000471|6134
123|Filial - 000123|148
187|Filial - 000187|148
434|Filial - 000434|148
543|Filial - 000543|148
610|Filial - 000610|148
651|Filial - 000651|148
901|Filial - 000901|148
925|Filial - 000925|148
928|Filial - 000928|148
1056|Filial - 001056|148
1075|Filial - 001075|148
1101|Filial - 001101|148
1142|Filial - 001142|148
1143|Filial - 001143|148
1174|Filial - 001174|148
1369|Filial - 001369|148
1247|Filial - 001247|462
1066|Filial - 001066|1430
1710|Filial - 001710|3141
249|Filial - 000249|4867
576|Filial - 000576|4867
1434|Filial - 001434|381
1597|Filial - 001597|6597
159|Filial - 000159|4
313|Filial - 000313|4
329|Filial - 000329|4
366|Filial - 000366|4
368|Filial - 000368|4
547|Filial - 000547|4
790|Filial - 000790|4
871|Filial - 000871|4
1738|Filial - 001738|4
958|Filial - 000958|156
356|Filial - 000356|267
911|Filial - 000911|267
1078|Filial - 001078|267
1213|Filial - 001213|267
1407|Filial - 001407|267
1668|Filial - 001668|267
1261|Filial - 001261|429
648|Filial - 000648|1178
1077|Filial - 001077|1178
1194|Filial - 001194|1481
1545|Filial - 001545|1481
1736|Filial - 001736|1481
1023|Filial - 001023|1791
678|Filial - 000678|2443
1036|Filial - 001036|2443
114|Filial - 000114|3226
830|Filial - 000830|106
140|Filial - 000140|315
283|Filial - 000283|315
579|Filial - 000579|315
588|Filial - 000588|315
628|Filial - 000628|315
640|Filial - 000640|315
660|Filial - 000660|315
746|Filial - 000746|315
770|Filial - 000770|315
774|Filial - 000774|315
816|Filial - 000816|315
818|Filial - 000818|315
927|Filial - 000927|315
983|Filial - 000983|315
991|Filial - 000991|315
995|Filial - 000995|315
1022|Filial - 001022|315
1047|Filial - 001047|315
1130|Filial - 001130|315
1151|Filial - 001151|315
1162|Filial - 001162|315
1378|Filial - 001378|315
1439|Filial - 001439|315
1496|Filial - 001496|315
1645|Filial - 001645|315
345|Filial - 000345|472
537|Filial - 000537|472
613|Filial - 000613|472
382|Filial - 000382|1363
155|Filial - 000155|759
528|Filial - 000528|692
1144|Filial - 001144|692
215|Filial - 000215|496
396|Filial - 000396|496
1086|Filial - 001086|496
1516|Filial - 001516|496
1543|Filial - 001543|496
1622|Filial - 001622|496
174|Filial - 000174|2429
395|Filial - 000395|2429
656|Filial - 000656|2429
1034|Filial - 001034|2429
1240|Filial - 001240|2429
1473|Filial - 001473|2429
1533|Filial - 001533|2429
1576|Filial - 001576|2429
1714|Filial - 001714|2429
504|Filial - 000504|2826
506|Filial - 000506|6170
510|Filial - 000510|5183
180|Filial - 000180|21
738|Filial - 000738|21
1109|Filial - 001109|21
1658|Filial - 001658|21
270|Filial - 000270|229
1329|Filial - 001329|1096
126|Filial - 000126|1309
367|Filial - 000367|88
899|Filial - 000899|276
235|Filial - 000235|3508
262|Filial - 000262|5303
850|Filial - 000850|720
865|Filial - 000865|720
1122|Filial - 001122|720
1177|Filial - 001177|720
1608|Filial - 001608|720
1550|Filial - 001550|423
423|Filial - 000423|1755
897|Filial - 000897|3452
418|Filial - 000418|372
772|Filial - 000772|372
1375|Filial - 001375|372
247|Filial - 000247|1878
324|Filial - 000324|1878
408|Filial - 000408|1878
516|Filial - 000516|1878
517|Filial - 000517|1878
550|Filial - 000550|1878
563|Filial - 000563|1878
1314|Filial - 001314|1878
1359|Filial - 001359|1878
1417|Filial - 001417|1878
1526|Filial - 001526|1878
1633|Filial - 001633|1878
1639|Filial - 001639|1878
1697|Filial - 001697|1878
322|Filial - 000322|7468
294|Filial - 000294|89
377|Filial - 000377|89
463|Filial - 000463|89
473|Filial - 000473|89
776|Filial - 000776|89
811|Filial - 000811|89
815|Filial - 000815|89
854|Filial - 000854|89
1155|Filial - 001155|89
36|Filial - 000036|2658
380|Filial - 000380|3069
1539|Filial - 001539|5353
26|Filial - 000026|243
360|Filial - 000360|243
397|Filial - 000397|243
452|Filial - 000452|243
657|Filial - 000657|243
939|Filial - 000939|243
1089|Filial - 001089|243
1223|Filial - 001223|243
1605|Filial - 001605|243
173|Filial - 000173|737
251|Filial - 000251|737
286|Filial - 000286|737
319|Filial - 000319|737
734|Filial - 000734|737
964|Filial - 000964|737
984|Filial - 000984|737
1008|Filial - 001008|737
1090|Filial - 001090|737
1200|Filial - 001200|737
1241|Filial - 001241|737
1324|Filial - 001324|737
1333|Filial - 001333|737
1347|Filial - 001347|737
1376|Filial - 001376|737
1449|Filial - 001449|737
1595|Filial - 001595|2907
1682|Filial - 001682|2907
791|Filial - 000791|758
635|Filial - 000635|1292
906|Filial - 000906|1292
46|Filial - 000046|4996
184|Filial - 000184|19
346|Filial - 000346|19
488|Filial - 000488|19
489|Filial - 000489|19
534|Filial - 000534|19
1062|Filial - 001062|32
311|Filial - 000311|125
1572|Filial - 001572|125
347|Filial - 000347|256
581|Filial - 000581|256
701|Filial - 000701|256
760|Filial - 000760|256
792|Filial - 000792|256
846|Filial - 000846|256
956|Filial - 000956|256
982|Filial - 000982|256
1011|Filial - 001011|256
1014|Filial - 001014|256
1083|Filial - 001083|256
1146|Filial - 001146|256
1170|Filial - 001170|256
1253|Filial - 001253|256
1293|Filial - 001293|256
1302|Filial - 001302|256
1337|Filial - 001337|256
1341|Filial - 001341|256
1350|Filial - 001350|256
1358|Filial - 001358|256
1393|Filial - 001393|256
1406|Filial - 001406|256
1447|Filial - 001447|256
1506|Filial - 001506|256
1674|Filial - 001674|256
885|Filial - 000885|900
1541|Filial - 001541|900
75|Filial - 000075|3878
1627|Filial - 001627|3878
38|Filial - 000038|8
76|Filial - 000076|8
90|Filial - 000090|8
117|Filial - 000117|8
119|Filial - 000119|8
141|Filial - 000141|8
143|Filial - 000143|8
344|Filial - 000344|8
392|Filial - 000392|8
415|Filial - 000415|8
426|Filial - 000426|8
451|Filial - 000451|8
487|Filial - 000487|8
523|Filial - 000523|8
730|Filial - 000730|8
789|Filial - 000789|8
867|Filial - 000867|8
875|Filial - 000875|8
880|Filial - 000880|8
968|Filial - 000968|8
1096|Filial - 001096|8
1098|Filial - 001098|8
1106|Filial - 001106|8
1107|Filial - 001107|8
1292|Filial - 001292|8
1445|Filial - 001445|8
1450|Filial - 001450|8
1619|Filial - 001619|8
1693|Filial - 001693|8
1706|Filial - 001706|8
1723|Filial - 001723|8
371|Filial - 000371|204
477|Filial - 000477|204
915|Filial - 000915|204
1636|Filial - 001636|204
1515|Filial - 001515|297
1097|Filial - 001097|1213
1617|Filial - 001617|6163
1628|Filial - 001628|6163
297|Filial - 000297|238
1021|Filial - 001021|238
44|Filial - 000044|6459
57|Filial - 000057|6459
227|Filial - 000227|6459
258|Filial - 000258|6459
819|Filial - 000819|6459
1394|Filial - 001394|6459
1734|Filial - 001734|6459
1287|Filial - 001287|2369
1456|Filial - 001456|4720
48|Filial - 000048|59
414|Filial - 000414|59
468|Filial - 000468|59
590|Filial - 000590|59
603|Filial - 000603|59
611|Filial - 000611|59
682|Filial - 000682|59
813|Filial - 000813|59
946|Filial - 000946|59
1006|Filial - 001006|59
1063|Filial - 001063|59
1312|Filial - 001312|59
1423|Filial - 001423|59
1431|Filial - 001431|59
1514|Filial - 001514|59
16|Filial - 000016|236
178|Filial - 000178|236
204|Filial - 000204|236
230|Filial - 000230|236
274|Filial - 000274|236
281|Filial - 000281|236
310|Filial - 000310|236
427|Filial - 000427|236
501|Filial - 000501|236
605|Filial - 000605|236
608|Filial - 000608|236
632|Filial - 000632|236
689|Filial - 000689|236
703|Filial - 000703|236
781|Filial - 000781|236
838|Filial - 000838|236
843|Filial - 000843|236
861|Filial - 000861|236
979|Filial - 000979|236
1284|Filial - 001284|236
1296|Filial - 001296|236
1391|Filial - 001391|236
1459|Filial - 001459|236
1609|Filial - 001609|236
1688|Filial - 001688|236
1705|Filial - 001705|236
191|Filial - 000191|391
308|Filial - 000308|391
642|Filial - 000642|391
672|Filial - 000672|391
841|Filial - 000841|391
896|Filial - 000896|391
933|Filial - 000933|391
975|Filial - 000975|391
1027|Filial - 001027|391
1137|Filial - 001137|391
1139|Filial - 001139|391
1244|Filial - 001244|391
1352|Filial - 001352|391
1373|Filial - 001373|391
1420|Filial - 001420|391
1524|Filial - 001524|391
1306|Filial - 001306|766
1509|Filial - 001509|766
888|Filial - 000888|2890
161|Filial - 000161|3808
240|Filial - 000240|3808
376|Filial - 000376|54
120|Filial - 000120|73
666|Filial - 000666|664
1338|Filial - 001338|664
54|Filial - 000054|2160
219|Filial - 000219|2160
1491|Filial - 001491|2160
462|Filial - 000462|169
1485|Filial - 001485|169
217|Filial - 000217|460
757|Filial - 000757|460
1304|Filial - 001304|460
181|Filial - 000181|234
1159|Filial - 001159|234
1591|Filial - 001591|2261
42|Filial - 000042|1177
80|Filial - 000080|4732
707|Filial - 000707|176
761|Filial - 000761|176
1471|Filial - 001471|176
210|Filial - 000210|128
361|Filial - 000361|128
659|Filial - 000659|128
404|Filial - 000404|875
165|Filial - 000165|43
1187|Filial - 001187|43
1452|Filial - 001452|637
4|Filial - 000004|6
127|Filial - 000127|6
224|Filial - 000224|6
228|Filial - 000228|6
405|Filial - 000405|6
430|Filial - 000430|6
439|Filial - 000439|6
485|Filial - 000485|6
494|Filial - 000494|6
526|Filial - 000526|6
858|Filial - 000858|6
884|Filial - 000884|6
1051|Filial - 001051|6
1085|Filial - 001085|6
1088|Filial - 001088|6
1126|Filial - 001126|6
1584|Filial - 001584|6
1680|Filial - 001680|6
1717|Filial - 001717|6
926|Filial - 000926|211
1000|Filial - 001000|211
152|Filial - 000152|877
207|Filial - 000207|877
248|Filial - 000248|1398
805|Filial - 000805|711
1002|Filial - 001002|711
1233|Filial - 001233|711
1474|Filial - 001474|986
112|Filial - 000112|2396
1068|Filial - 001068|2674
305|Filial - 000305|3318
574|Filial - 000574|3318
1381|Filial - 001381|428
825|Filial - 000825|657
955|Filial - 000955|657
456|Filial - 000456|6398
339|Filial - 000339|134
566|Filial - 000566|7482
202|Filial - 000202|154
752|Filial - 000752|154
1031|Filial - 001031|154
1487|Filial - 001487|154
606|Filial - 000606|224
1511|Filial - 001511|399
1618|Filial - 001618|1140
24|Filial - 000024|1263
169|Filial - 000169|1263
1038|Filial - 001038|1263
1265|Filial - 001265|1263
45|Filial - 000045|35
233|Filial - 000233|35
375|Filial - 000375|35
431|Filial - 000431|35
441|Filial - 000441|35
898|Filial - 000898|35
918|Filial - 000918|35
999|Filial - 000999|35
1012|Filial - 001012|35
1103|Filial - 001103|35
1248|Filial - 001248|35
1267|Filial - 001267|35
1319|Filial - 001319|35
1351|Filial - 001351|35
1694|Filial - 001694|35
596|Filial - 000596|1858
1624|Filial - 001624|1858
379|Filial - 000379|81
1249|Filial - 001249|341
450|Filial - 000450|405
507|Filial - 000507|405
1475|Filial - 001475|405
1563|Filial - 001563|405
615|Filial - 000615|446
1412|Filial - 001412|2920
1596|Filial - 001596|3143
736|Filial - 000736|4485
197|Filial - 000197|132
362|Filial - 000362|132
1192|Filial - 001192|132
540|Filial - 000540|464
87|Filial - 000087|771
277|Filial - 000277|771
965|Filial - 000965|771
1416|Filial - 001416|771
1490|Filial - 001490|771
1498|Filial - 001498|771
8|Filial - 000008|3514
443|Filial - 000443|207
478|Filial - 000478|207
1269|Filial - 001269|922
279|Filial - 000279|85
358|Filial - 000358|85
438|Filial - 000438|85
695|Filial - 000695|85
764|Filial - 000764|85
771|Filial - 000771|85
989|Filial - 000989|85
1222|Filial - 001222|85
1230|Filial - 001230|85
1379|Filial - 001379|85
1326|Filial - 001326|249
1557|Filial - 001557|1281
1500|Filial - 001500|3055
985|Filial - 000985|451
1571|Filial - 001571|1098
589|Filial - 000589|6396
582|Filial - 000582|345
684|Filial - 000684|345
1616|Filial - 001616|4679
1521|Filial - 001521|67
1671|Filial - 001671|67
10|Filial - 000010|72
11|Filial - 000011|72
39|Filial - 000039|72
179|Filial - 000179|72
200|Filial - 000200|72
390|Filial - 000390|72
527|Filial - 000527|72
619|Filial - 000619|72
644|Filial - 000644|72
876|Filial - 000876|72
963|Filial - 000963|72
1303|Filial - 001303|72
1325|Filial - 001325|72
1330|Filial - 001330|72
1660|Filial - 001660|72
1716|Filial - 001716|72
1185|Filial - 001185|165
1279|Filial - 001279|866
1182|Filial - 001182|3092
1246|Filial - 001246|3092
553|Filial - 000553|4211
681|Filial - 000681|327
807|Filial - 000807|327
1383|Filial - 001383|327
1603|Filial - 001603|327
907|Filial - 000907|337
111|Filial - 000111|418
536|Filial - 000536|418
732|Filial - 000732|418
1173|Filial - 001173|418
1410|Filial - 001410|418
1470|Filial - 001470|418
51|Filial - 000051|5242
1503|Filial - 001503|5242
260|Filial - 000260|5347
19|Filial - 000019|6622
1592|Filial - 001592|6622
1258|Filial - 001258|11
1695|Filial - 001695|11
244|Filial - 000244|62
1670|Filial - 001670|62
14|Filial - 000014|642
316|Filial - 000316|1385
105|Filial - 000105|77
829|Filial - 000829|178
578|Filial - 000578|3323
177|Filial - 000177|257
186|Filial - 000186|257
303|Filial - 000303|257
304|Filial - 000304|257
484|Filial - 000484|257
612|Filial - 000612|257
720|Filial - 000720|257
808|Filial - 000808|257
814|Filial - 000814|257
893|Filial - 000893|257
1082|Filial - 001082|257
1095|Filial - 001095|257
1113|Filial - 001113|257
1257|Filial - 001257|257
1285|Filial - 001285|257
1310|Filial - 001310|257
1427|Filial - 001427|257
1673|Filial - 001673|257
1677|Filial - 001677|2653
529|Filial - 000529|152
852|Filial - 000852|152
338|Filial - 000338|278
669|Filial - 000669|624
1004|Filial - 001004|624
1171|Filial - 001171|624
1360|Filial - 001360|3604
762|Filial - 000762|426
916|Filial - 000916|426
1602|Filial - 001602|1225
335|Filial - 000335|3175
1601|Filial - 001601|3175
381|Filial - 000381|50
1043|Filial - 001043|50
1634|Filial - 001634|4508
402|Filial - 000402|5910
1441|Filial - 001441|680
1132|Filial - 001132|196
1390|Filial - 001390|196
723|Filial - 000723|628
23|Filial - 000023|656
444|Filial - 000444|656
1147|Filial - 001147|656
1368|Filial - 001368|656
559|Filial - 000559|1841
937|Filial - 000937|25
751|Filial - 000751|172
1010|Filial - 001010|172
1069|Filial - 001069|359
1681|Filial - 001681|359
95|Filial - 000095|39
167|Filial - 000167|39
168|Filial - 000168|39
190|Filial - 000190|39
436|Filial - 000436|39
446|Filial - 000446|39
461|Filial - 000461|39
525|Filial - 000525|39
801|Filial - 000801|39
935|Filial - 000935|39
1656|Filial - 001656|39
193|Filial - 000193|45
902|Filial - 000902|105
1398|Filial - 001398|105
1718|Filial - 001718|105
291|Filial - 000291|279
328|Filial - 000328|279
475|Filial - 000475|279
614|Filial - 000614|279
634|Filial - 000634|279
713|Filial - 000713|279
718|Filial - 000718|279
823|Filial - 000823|279
828|Filial - 000828|279
837|Filial - 000837|279
913|Filial - 000913|279
929|Filial - 000929|279
1559|Filial - 001559|279
1725|Filial - 001725|279
1467|Filial - 001467|281
480|Filial - 000480|23
1243|Filial - 001243|23
211|Filial - 000211|38
580|Filial - 000580|181
129|Filial - 000129|29
943|Filial - 000943|190
1236|Filial - 001236|190
299|Filial - 000299|199
726|Filial - 000726|199
780|Filial - 000780|199
849|Filial - 000849|199
864|Filial - 000864|199
1092|Filial - 001092|199
1604|Filial - 001604|199
817|Filial - 000817|248
1238|Filial - 001238|248
1387|Filial - 001387|248
1553|Filial - 001553|248
86|Filial - 000086|611
556|Filial - 000556|7026
1593|Filial - 001593|4990
1|Filial - 000001|354
170|Filial - 000170|354
198|Filial - 000198|354
374|Filial - 000374|354
607|Filial - 000607|354
685|Filial - 000685|354
905|Filial - 000905|354
1263|Filial - 001263|354
1291|Filial - 001291|354
1642|Filial - 001642|354
797|Filial - 000797|753
136|Filial - 000136|1179
515|Filial - 000515|1343
941|Filial - 000941|1343
1301|Filial - 001301|1343
1460|Filial - 001460|1343
1637|Filial - 001637|1343
1235|Filial - 001235|1358
889|Filial - 000889|3927
21|Filial - 000021|12
557|Filial - 000557|12
599|Filial - 000599|12
839|Filial - 000839|12
1679|Filial - 001679|12
1690|Filial - 001690|12
1472|Filial - 001472|264
171|Filial - 000171|420
636|Filial - 000636|420
708|Filial - 000708|420
307|Filial - 000307|1713
1626|Filial - 001626|2088
53|Filial - 000053|2515
1600|Filial - 001600|2515
1611|Filial - 001611|2515
1698|Filial - 001698|2515
40|Filial - 000040|155
234|Filial - 000234|155
292|Filial - 000292|155
598|Filial - 000598|155
994|Filial - 000994|155
1035|Filial - 001035|155
1648|Filial - 001648|155
1444|Filial - 001444|265
1565|Filial - 001565|740
1138|Filial - 001138|1255
370|Filial - 000370|246
1214|Filial - 001214|246
460|Filial - 000460|649
1039|Filial - 001039|861
601|Filial - 000601|122
909|Filial - 000909|139
1339|Filial - 001339|1701
55|Filial - 000055|6739
1607|Filial - 001607|206
67|Filial - 000067|361
903|Filial - 000903|361
1178|Filial - 001178|361
320|Filial - 000320|1261
78|Filial - 000078|4754
185|Filial - 000185|1502
592|Filial - 000592|1502
1598|Filial - 001598|2453
1630|Filial - 001630|2453
719|Filial - 000719|228
545|Filial - 000545|400
1527|Filial - 001527|832
209|Filial - 000209|2569
242|Filial - 000242|2569
584|Filial - 000584|2569
1476|Filial - 001476|2569
1581|Filial - 001581|2569
1659|Filial - 001659|2569
1672|Filial - 001672|2649
33|Filial - 000033|46
267|Filial - 000267|46
293|Filial - 000293|46
387|Filial - 000387|46
421|Filial - 000421|46
530|Filial - 000530|46
532|Filial - 000532|46
533|Filial - 000533|46
546|Filial - 000546|46
645|Filial - 000645|46
699|Filial - 000699|46
711|Filial - 000711|46
715|Filial - 000715|46
820|Filial - 000820|46
853|Filial - 000853|46
856|Filial - 000856|46
938|Filial - 000938|46
1009|Filial - 001009|46
1058|Filial - 001058|46
1076|Filial - 001076|46
1315|Filial - 001315|46
1363|Filial - 001363|46
1411|Filial - 001411|46
1421|Filial - 001421|46
1440|Filial - 001440|46
1457|Filial - 001457|46
1562|Filial - 001562|46
1664|Filial - 001664|46
1707|Filial - 001707|46
1724|Filial - 001724|46
41|Filial - 000041|1019
993|Filial - 000993|1019
1713|Filial - 001713|2528
28|Filial - 000028|3468
1583|Filial - 001583|3468
1030|Filial - 001030|241
1119|Filial - 001119|241
1297|Filial - 001297|241
1335|Filial - 001335|241
1396|Filial - 001396|241
287|Filial - 000287|1144
1538|Filial - 001538|1144
399|Filial - 000399|1898
467|Filial - 000467|52
661|Filial - 000661|52
727|Filial - 000727|52
97|Filial - 000097|208
149|Filial - 000149|208
213|Filial - 000213|208
309|Filial - 000309|208
340|Filial - 000340|208
348|Filial - 000348|208
352|Filial - 000352|208
388|Filial - 000388|208
422|Filial - 000422|208
479|Filial - 000479|208
495|Filial - 000495|208
497|Filial - 000497|208
535|Filial - 000535|208
627|Filial - 000627|208
633|Filial - 000633|208
694|Filial - 000694|208
704|Filial - 000704|208
733|Filial - 000733|208
753|Filial - 000753|208
759|Filial - 000759|208
775|Filial - 000775|208
806|Filial - 000806|208
835|Filial - 000835|208
882|Filial - 000882|208
917|Filial - 000917|208
940|Filial - 000940|208
973|Filial - 000973|208
1048|Filial - 001048|208
1121|Filial - 001121|208
1180|Filial - 001180|208
1183|Filial - 001183|208
1201|Filial - 001201|208
1228|Filial - 001228|208
1271|Filial - 001271|208
1288|Filial - 001288|208
1294|Filial - 001294|208
1321|Filial - 001321|208
1322|Filial - 001322|208
1334|Filial - 001334|208
1402|Filial - 001402|208
1405|Filial - 001405|208
1425|Filial - 001425|208
1446|Filial - 001446|208
1462|Filial - 001462|208
1465|Filial - 001465|208
1635|Filial - 001635|208
1715|Filial - 001715|208
1720|Filial - 001720|208
962|Filial - 000962|360
859|Filial - 000859|2349
1165|Filial - 001165|2349
1110|Filial - 001110|2626
1534|Filial - 001534|261
1073|Filial - 001073|417
821|Filial - 000821|489
231|Filial - 000231|2
493|Filial - 000493|70
1270|Filial - 001270|70
1317|Filial - 001317|70
1015|Filial - 001015|272
561|Filial - 000561|868
700|Filial - 000700|868
1160|Filial - 001160|868
970|Filial - 000970|1650
132|Filial - 000132|47
476|Filial - 000476|1717
72|Filial - 000072|5827
1392|Filial - 001392|5827
1463|Filial - 001463|5827
1599|Filial - 001599|5827
150|Filial - 000150|404
744|Filial - 000744|404
961|Filial - 000961|404
1054|Filial - 001054|404
1108|Filial - 001108|404
1150|Filial - 001150|404
1499|Filial - 001499|404
1733|Filial - 001733|404
1234|Filial - 001234|1114
1357|Filial - 001357|1114
520|Filial - 000520|6249
1208|Filial - 001208|79
1226|Filial - 001226|79
1003|Filial - 001003|752
1219|Filial - 001219|752
954|Filial - 000954|2979
82|Filial - 000082|5936
261|Filial - 000261|5936
275|Filial - 000275|96
440|Filial - 000440|96
778|Filial - 000778|96
786|Filial - 000786|653
386|Filial - 000386|2612
842|Filial - 000842|187
1711|Filial - 001711|774
1013|Filial - 001013|946
306|Filial - 000306|723
1001|Filial - 001001|723
1367|Filial - 001367|723
945|Filial - 000945|879
1549|Filial - 001549|978
18|Filial - 000018|5541
145|Filial - 000145|5541
243|Filial - 000243|5541
571|Filial - 000571|5541
17|Filial - 000017|7237
83|Filial - 000083|616
236|Filial - 000236|616
428|Filial - 000428|616
585|Filial - 000585|616
1019|Filial - 001019|616
1099|Filial - 001099|616
1313|Filial - 001313|616
1327|Filial - 001327|616
1438|Filial - 001438|616
1737|Filial - 001737|616
208|Filial - 000208|713
677|Filial - 000677|713
1650|Filial - 001650|713
1566|Filial - 001566|2097
432|Filial - 000432|3096
597|Filial - 000597|263
429|Filial - 000429|100
1518|Filial - 001518|186
1041|Filial - 001041|1623
1190|Filial - 001190|1623
1040|Filial - 001040|2785
1153|Filial - 001153|2785
85|Filial - 000085|3512
30|Filial - 000030|3810
1484|Filial - 001484|4745
295|Filial - 000295|189
412|Filial - 000412|795
541|Filial - 000541|795
1461|Filial - 001461|795
1564|Filial - 001564|795
241|Filial - 000241|2225
721|Filial - 000721|517
1582|Filial - 001582|738
486|Filial - 000486|3529
62|Filial - 000062|5073
950|Filial - 000950|1638
63|Filial - 000063|2190
518|Filial - 000518|2190
144|Filial - 000144|3098
29|Filial - 000029|7390
1464|Filial - 001464|7390
317|Filial - 000317|104
729|Filial - 000729|104
758|Filial - 000758|104
1184|Filial - 001184|104
1409|Filial - 001409|104
1404|Filial - 001404|610
437|Filial - 000437|3149
74|Filial - 000074|16
229|Filial - 000229|16
364|Filial - 000364|16
435|Filial - 000435|16
600|Filial - 000600|16
804|Filial - 000804|16
908|Filial - 000908|16
1274|Filial - 001274|16
1684|Filial - 001684|16
1692|Filial - 001692|16
1513|Filial - 001513|161
59|Filial - 000059|960
255|Filial - 000255|960
263|Filial - 000263|960
290|Filial - 000290|960
302|Filial - 000302|960
419|Filial - 000419|960
512|Filial - 000512|960
519|Filial - 000519|960
552|Filial - 000552|960
560|Filial - 000560|960
593|Filial - 000593|960
595|Filial - 000595|960
687|Filial - 000687|960
697|Filial - 000697|960
798|Filial - 000798|960
799|Filial - 000799|960
894|Filial - 000894|960
895|Filial - 000895|960
949|Filial - 000949|960
996|Filial - 000996|960
1005|Filial - 001005|960
1032|Filial - 001032|960
1105|Filial - 001105|960
1163|Filial - 001163|960
1176|Filial - 001176|960
1191|Filial - 001191|960
1242|Filial - 001242|960
1262|Filial - 001262|960
1400|Filial - 001400|960
1414|Filial - 001414|960
1428|Filial - 001428|960
1453|Filial - 001453|960
1508|Filial - 001508|960
1535|Filial - 001535|960
1540|Filial - 001540|960
1558|Filial - 001558|960
1588|Filial - 001588|960
1643|Filial - 001643|960
1712|Filial - 001712|960
2|Filial - 000002|1246
393|Filial - 000393|1246
1432|Filial - 001432|1246
151|Filial - 000151|7241
649|Filial - 000649|313
960|Filial - 000960|313
1125|Filial - 001125|313
133|Filial - 000133|4649
1569|Filial - 001569|4665
154|Filial - 000154|31
354|Filial - 000354|31
879|Filial - 000879|31
1016|Filial - 001016|31
1017|Filial - 001017|31
1067|Filial - 001067|31
1084|Filial - 001084|31
1149|Filial - 001149|31
199|Filial - 000199|483
410|Filial - 000410|483
1388|Filial - 001388|483
25|Filial - 000025|1151
1024|Filial - 001024|1532
1722|Filial - 001722|40
330|Filial - 000330|198
630|Filial - 000630|198
1057|Filial - 001057|198
1709|Filial - 001709|198
192|Filial - 000192|765
300|Filial - 000300|765
326|Filial - 000326|765
674|Filial - 000674|765
702|Filial - 000702|765
812|Filial - 000812|765
824|Filial - 000824|765
834|Filial - 000834|765
851|Filial - 000851|765
891|Filial - 000891|765
969|Filial - 000969|765
1129|Filial - 001129|765
1189|Filial - 001189|765
1203|Filial - 001203|765
1323|Filial - 001323|765
1362|Filial - 001362|765
1424|Filial - 001424|765
1519|Filial - 001519|765
1536|Filial - 001536|765
1678|Filial - 001678|765
1154|Filial - 001154|200
1133|Filial - 001133|730
583|Filial - 000583|3847
1264|Filial - 001264|3847
868|Filial - 000868|80
1374|Filial - 001374|80
683|Filial - 000683|145
1117|Filial - 001117|145
1641|Filial - 001641|2637
503|Filial - 000503|30
564|Filial - 000564|262
1644|Filial - 001644|262
27|Filial - 000027|748
104|Filial - 000104|748
116|Filial - 000116|748
266|Filial - 000266|748
271|Filial - 000271|748
413|Filial - 000413|748
542|Filial - 000542|748
1386|Filial - 001386|748
1575|Filial - 001575|748
1735|Filial - 001735|748
1169|Filial - 001169|770
1305|Filial - 001305|770
698|Filial - 000698|34
1120|Filial - 001120|34
997|Filial - 000997|140
1300|Filial - 001300|140
716|Filial - 000716|403
920|Filial - 000920|403
1179|Filial - 001179|403
1418|Filial - 001418|1193
3|Filial - 000003|1
883|Filial - 000883|1
1546|Filial - 001546|213
384|Filial - 000384|1724
492|Filial - 000492|1724
1494|Filial - 001494|5181
106|Filial - 000106|1021
113|Filial - 000113|5108
769|Filial - 000769|321
1370|Filial - 001370|321
20|Filial - 000020|1251
238|Filial - 000238|1251
253|Filial - 000253|1251
264|Filial - 000264|1251
406|Filial - 000406|1251
445|Filial - 000445|1251
465|Filial - 000465|1251
870|Filial - 000870|1251
1395|Filial - 001395|1251
1481|Filial - 001481|1251
1510|Filial - 001510|1251
1700|Filial - 001700|1251
58|Filial - 000058|1270
147|Filial - 000147|734
43|Filial - 000043|777
69|Filial - 000069|777
110|Filial - 000110|777
163|Filial - 000163|777
164|Filial - 000164|777
172|Filial - 000172|777
183|Filial - 000183|777
188|Filial - 000188|777
196|Filial - 000196|777
212|Filial - 000212|777
225|Filial - 000225|777
226|Filial - 000226|777
246|Filial - 000246|777
321|Filial - 000321|777
327|Filial - 000327|777
365|Filial - 000365|777
394|Filial - 000394|777
400|Filial - 000400|777
448|Filial - 000448|777
502|Filial - 000502|777
505|Filial - 000505|777
509|Filial - 000509|777
521|Filial - 000521|777
569|Filial - 000569|777
609|Filial - 000609|777
622|Filial - 000622|777
667|Filial - 000667|777
670|Filial - 000670|777
673|Filial - 000673|777
754|Filial - 000754|777
784|Filial - 000784|777
793|Filial - 000793|777
803|Filial - 000803|777
832|Filial - 000832|777
874|Filial - 000874|777
923|Filial - 000923|777
948|Filial - 000948|777
1026|Filial - 001026|777
1049|Filial - 001049|777
1061|Filial - 001061|777
1071|Filial - 001071|777
1152|Filial - 001152|777
1195|Filial - 001195|777
1207|Filial - 001207|777
1215|Filial - 001215|777
1353|Filial - 001353|777
1354|Filial - 001354|777
1382|Filial - 001382|777
1458|Filial - 001458|777
1468|Filial - 001468|777
1489|Filial - 001489|777
1495|Filial - 001495|777
1520|Filial - 001520|777
1528|Filial - 001528|777
1570|Filial - 001570|777
1663|Filial - 001663|777
1685|Filial - 001685|777
1702|Filial - 001702|777
643|Filial - 000643|74
725|Filial - 000725|74
947|Filial - 000947|74
1087|Filial - 001087|74
1652|Filial - 001652|74
922|Filial - 000922|76
1255|Filial - 001255|90
282|Filial - 000282|818
981|Filial - 000981|818
1403|Filial - 001403|2905
350|Filial - 000350|212
84|Filial - 000084|2043
81|Filial - 000081|1272
237|Filial - 000237|1272
453|Filial - 000453|1272
1307|Filial - 001307|1272
1397|Filial - 001397|1272
1517|Filial - 001517|1272
142|Filial - 000142|330
639|Filial - 000639|330
731|Filial - 000731|330
957|Filial - 000957|330
1128|Filial - 001128|330
1435|Filial - 001435|330
662|Filial - 000662|682
892|Filial - 000892|2843
130|Filial - 000130|3356
265|Filial - 000265|3480
498|Filial - 000498|192
496|Filial - 000496|2290
61|Filial - 000061|3142
166|Filial - 000166|599
398|Filial - 000398|599
1502|Filial - 001502|599
1631|Filial - 001631|599
767|Filial - 000767|659
70|Filial - 000070|2692
336|Filial - 000336|629
128|Filial - 000128|5664
1573|Filial - 001573|411
1589|Filial - 001589|411
1687|Filial - 001687|411
1361|Filial - 001361|576
218|Filial - 000218|3962
34|Filial - 000034|27
232|Filial - 000232|27
349|Filial - 000349|27
680|Filial - 000680|27
1064|Filial - 001064|27
1318|Filial - 001318|27
1371|Filial - 001371|27
1708|Filial - 001708|27
22|Filial - 000022|335
706|Filial - 000706|335
737|Filial - 000737|335
900|Filial - 000900|335
1166|Filial - 001166|335
1530|Filial - 001530|335
1640|Filial - 001640|335
990|Filial - 000990|397
220|Filial - 000220|665
1199|Filial - 001199|665
1555|Filial - 001555|2686
573|Filial - 000573|717
655|Filial - 000655|717
735|Filial - 000735|1107
56|Filial - 000056|1274
216|Filial - 000216|2525
433|Filial - 000433|5456
92|Filial - 000092|4216
318|Filial - 000318|4682
1148|Filial - 001148|6231
847|Filial - 000847|49
1007|Filial - 001007|49
810|Filial - 000810|1299
1102|Filial - 001102|603
1216|Filial - 001216|603
499|Filial - 000499|750
1488|Filial - 001488|750
259|Filial - 000259|4380
383|Filial - 000383|4380
565|Filial - 000565|4380
568|Filial - 000568|4380
890|Filial - 000890|4380
1675|Filial - 001675|2114
971|Filial - 000971|635
1614|Filial - 001614|703
1415|Filial - 001415|708
131|Filial - 000131|3754
1590|Filial - 001590|6253
724|Filial - 000724|689
766|Filial - 000766|837
747|Filial - 000747|1106
1186|Filial - 001186|1106
1348|Filial - 001348|1106
1522|Filial - 001522|1106
332|Filial - 000332|424
1272|Filial - 001272|424
454|Filial - 000454|625
668|Filial - 000668|625
1158|Filial - 001158|625
137|Filial - 000137|20
138|Filial - 000138|20
182|Filial - 000182|20
276|Filial - 000276|20
342|Filial - 000342|20
357|Filial - 000357|20
359|Filial - 000359|20
385|Filial - 000385|20
416|Filial - 000416|20
420|Filial - 000420|20
425|Filial - 000425|20
442|Filial - 000442|20
483|Filial - 000483|20
544|Filial - 000544|20
621|Filial - 000621|20
652|Filial - 000652|20
653|Filial - 000653|20
679|Filial - 000679|20
693|Filial - 000693|20
787|Filial - 000787|20
840|Filial - 000840|20
1044|Filial - 001044|20
1114|Filial - 001114|20
1156|Filial - 001156|20
1227|Filial - 001227|20
1299|Filial - 001299|20
1372|Filial - 001372|20
1380|Filial - 001380|20
1422|Filial - 001422|20
1433|Filial - 001433|20
1448|Filial - 001448|20
1585|Filial - 001585|20
1587|Filial - 001587|20
1646|Filial - 001646|20
1655|Filial - 001655|20
1703|Filial - 001703|20
1719|Filial - 001719|20
1726|Filial - 001726|20
1730|Filial - 001730|20
1731|Filial - 001731|20
966|Filial - 000966|142
1259|Filial - 001259|164
1525|Filial - 001525|164
631|Filial - 000631|215
108|Filial - 000108|5748
1050|Filial - 001050|15
1332|Filial - 001332|1585
79|Filial - 000079|1809
554|Filial - 000554|2678
254|Filial - 000254|3823
690|Filial - 000690|492
1229|Filial - 001229|492
1492|Filial - 001492|492
13|Filial - 000013|1470
315|Filial - 000315|1470
1552|Filial - 001552|1470
411|Filial - 000411|57
663|Filial - 000663|57
714|Filial - 000714|57
910|Filial - 000910|57
992|Filial - 000992|57
1667|Filial - 001667|57
650|Filial - 000650|108
952|Filial - 000952|1501
1732|Filial - 001732|4042
1649|Filial - 001649|6167
391|Filial - 000391|7343
1157|Filial - 001157|114
1277|Filial - 001277|655
1419|Filial - 001419|695
109|Filial - 000109|3163
577|Filial - 000577|6403
551|Filial - 000551|170
176|Filial - 000176|948
1141|Filial - 001141|948
68|Filial - 000068|1412
986|Filial - 000986|1412
102|Filial - 000102|2104
1577|Filial - 001577|28
972|Filial - 000972|130
1342|Filial - 001342|130
1100|Filial - 001100|1376
1074|Filial - 001074|92
1356|Filial - 001356|92
1028|Filial - 001028|839
1613|Filial - 001613|1828
289|Filial - 000289|475
959|Filial - 000959|475
1477|Filial - 001477|475
1551|Filial - 001551|475
1355|Filial - 001355|379
924|Filial - 000924|668
953|Filial - 000953|668
572|Filial - 000572|4684
710|Filial - 000710|75
1686|Filial - 001686|4134
944|Filial - 000944|231
1377|Filial - 001377|947
1479|Filial - 001479|37
1123|Filial - 001123|697
1268|Filial - 001268|2887
107|Filial - 000107|4930
458|Filial - 000458|48
469|Filial - 000469|48
692|Filial - 000692|48
881|Filial - 000881|48
795|Filial - 000795|724
1168|Filial - 001168|724
1298|Filial - 001298|724
1610|Filial - 001610|2931
1220|Filial - 001220|117
1343|Filial - 001343|117
35|Filial - 000035|425
103|Filial - 000103|425
323|Filial - 000323|425
1311|Filial - 001311|425
1399|Filial - 001399|425
1020|Filial - 001020|2372
351|Filial - 000351|119
626|Filial - 000626|119
15|Filial - 000015|514
641|Filial - 000641|514
749|Filial - 000749|514
1140|Filial - 001140|514
1202|Filial - 001202|514
1276|Filial - 001276|514
1286|Filial - 001286|514
1469|Filial - 001469|514
1523|Filial - 001523|514
1629|Filial - 001629|514
1728|Filial - 001728|514
848|Filial - 000848|2408
1429|Filial - 001429|3506
743|Filial - 000743|239
125|Filial - 000125|459
1115|Filial - 001115|459
1134|Filial - 001134|860
5|Filial - 000005|63
860|Filial - 000860|63
988|Filial - 000988|63
1037|Filial - 001037|63
951|Filial - 000951|269
616|Filial - 000616|589
998|Filial - 000998|589
447|Filial - 000447|6679
1594|Filial - 001594|7533
1651|Filial - 001651|3056
203|Filial - 000203|98
967|Filial - 000967|98
1131|Filial - 001131|98
47|Filial - 000047|121
148|Filial - 000148|121
201|Filial - 000201|121
206|Filial - 000206|121
256|Filial - 000256|121
272|Filial - 000272|121
278|Filial - 000278|121
280|Filial - 000280|121
343|Filial - 000343|121
481|Filial - 000481|121
756|Filial - 000756|121
836|Filial - 000836|121
857|Filial - 000857|121
904|Filial - 000904|121
1164|Filial - 001164|121
1188|Filial - 001188|121
1224|Filial - 001224|121
1507|Filial - 001507|121
1556|Filial - 001556|121
1661|Filial - 001661|121
1669|Filial - 001669|121
1729|Filial - 001729|121
91|Filial - 000091|167
65|Filial - 000065|3151
872|Filial - 000872|13
1442|Filial - 001442|13
1654|Filial - 001654|13
1691|Filial - 001691|13
49|Filial - 000049|131
341|Filial - 000341|131
355|Filial - 000355|131
623|Filial - 000623|131
646|Filial - 000646|131
712|Filial - 000712|131
936|Filial - 000936|131
987|Filial - 000987|131
1345|Filial - 001345|131
1554|Filial - 001554|131
1647|Filial - 001647|131
37|Filial - 000037|146
1033|Filial - 001033|146
157|Filial - 000157|810
500|Filial - 000500|810
567|Filial - 000567|810
624|Filial - 000624|810
1413|Filial - 001413|810
1451|Filial - 001451|810
1480|Filial - 001480|810
1544|Filial - 001544|810
1547|Filial - 001547|810
1568|Filial - 001568|810
1093|Filial - 001093|1879
73|Filial - 000073|3031
1638|Filial - 001638|3887
93|Filial - 000093|158
878|Filial - 000878|158
1053|Filial - 001053|158
1091|Filial - 001091|158
1209|Filial - 001209|158
121|Filial - 000121|333
1281|Filial - 001281|5026
1408|Filial - 001408|5026
194|Filial - 000194|9
334|Filial - 000334|9
449|Filial - 000449|9
474|Filial - 000474|9
745|Filial - 000745|9
750|Filial - 000750|9
1081|Filial - 001081|9
1683|Filial - 001683|9
1308|Filial - 001308|377
1025|Filial - 001025|433
1653|Filial - 001653|618
1699|Filial - 001699|618
1266|Filial - 001266|225
1574|Filial - 001574|1633
52|Filial - 000052|7240
1696|Filial - 001696|1429
